-- --------------------------------------------------------
-- Hôte:                         127.0.0.1
-- Version du serveur:           8.0.30 - MySQL Community Server - GPL
-- SE du serveur:                Win64
-- HeidiSQL Version:             12.1.0.6537
-- --------------------------------------------------------

/*!40101 SET @OLD_CHARACTER_SET_CLIENT=@@CHARACTER_SET_CLIENT */;
/*!40101 SET NAMES utf8 */;
/*!50503 SET NAMES utf8mb4 */;
/*!40103 SET @OLD_TIME_ZONE=@@TIME_ZONE */;
/*!40103 SET TIME_ZONE='+00:00' */;
/*!40014 SET @OLD_FOREIGN_KEY_CHECKS=@@FOREIGN_KEY_CHECKS, FOREIGN_KEY_CHECKS=0 */;
/*!40101 SET @OLD_SQL_MODE=@@SQL_MODE, SQL_MODE='NO_AUTO_VALUE_ON_ZERO' */;
/*!40111 SET @OLD_SQL_NOTES=@@SQL_NOTES, SQL_NOTES=0 */;


-- Listage de la structure de la base pour fluck_damien_expi1a_rdvartiste_164_2024
DROP DATABASE IF EXISTS `fluck_damien_expi1a_rdvartiste_164_2024`;
CREATE DATABASE IF NOT EXISTS `fluck_damien_expi1a_rdvartiste_164_2024` /*!40100 DEFAULT CHARACTER SET utf8mb4 COLLATE utf8mb4_0900_ai_ci */ /*!80016 DEFAULT ENCRYPTION='N' */;
USE `fluck_damien_expi1a_rdvartiste_164_2024`;

-- Listage de la structure de table fluck_damien_expi1a_rdvartiste_164_2024. t_compte
DROP TABLE IF EXISTS `t_compte`;
CREATE TABLE IF NOT EXISTS `t_compte` (
  `id_compte` int NOT NULL AUTO_INCREMENT,
  `Nom_Pseudo` varchar(50) DEFAULT NULL,
  `Mot_de_passe` varchar(50) DEFAULT NULL,
  `fk_type_compte` int DEFAULT NULL,
  `is_delete` tinyint(1) unsigned zerofill DEFAULT '0',
  `Url_image` varchar(9000) CHARACTER SET utf8mb4 COLLATE utf8mb4_0900_ai_ci DEFAULT NULL,
  PRIMARY KEY (`id_compte`),
  KEY `FK_t_compte_t_type_compte` (`fk_type_compte`),
  CONSTRAINT `FK_t_compte_t_type_compte` FOREIGN KEY (`fk_type_compte`) REFERENCES `t_type_compte` (`id_type_compte`)
) ENGINE=InnoDB AUTO_INCREMENT=24 DEFAULT CHARSET=utf8mb4 COLLATE=utf8mb4_0900_ai_ci;

-- Listage des données de la table fluck_damien_expi1a_rdvartiste_164_2024.t_compte : ~16 rows (environ)
INSERT INTO `t_compte` (`id_compte`, `Nom_Pseudo`, `Mot_de_passe`, `fk_type_compte`, `is_delete`, `Url_image`) VALUES
	(1, 'TheoThiste', '1234', 2, 0, 'https://encrypted-tbn0.gstatic.com/images?q=tbn:ANd9GcTyg6MEwZmNT50wC1KDuI2R2O04S4BR5xgtuZFd5YugKtJA92PIpUq1PAlGj7JEP42pLs8&usqp=CAU'),
	(2, 'Lezarabe', '6969', 2, 0, 'https://encrypted-tbn0.gstatic.com/images?q=tbn:ANd9GcSWyPjrI2AKat-Qp6-nyuqnAQ-vu6dNCmhWdQ&s'),
	(3, 'SuciteLair', '969696', 1, 0, 'data:image/jpeg;base64,/9j/4AAQSkZJRgABAQAAAQABAAD/2wCEAAkGBw8QEBUQDxAVEBUVFRYVFRUYFRUVFRYXFRYWFhUVFRYYHSggGBomGxUVIjEhJSkrLi4uGB8zODMtNygtLisBCgoKDg0OGhAQGi0dICUwLS0rLS0tLS0tLS0rLS0rLS0tLSstLS0tLy0tLS0tLS0tLS0tLS0tLS0tLSstLS0tLf/AABEIAOAA4AMBIgACEQEDEQH/xAAcAAABBAMBAAAAAAAAAAAAAAAAAQUGBwIDBAj/xABDEAABAwIEAgcECAIJBQEAAAABAAIDBBEFEiExBkETIlFhgZGhBzJxwRQjQlJisbLRcpIVFjNTgqLC4fAkQ2Nz8Rf/xAAZAQEAAwEBAAAAAAAAAAAAAAAAAQIEAwX/xAAsEQEAAgICAQMBBwUBAAAAAAAAAQIDERIhMQQiMjMTQUJhYnGRFCOhseEF/9oADAMBAAIRAxEAPwC60IQuK4SJUKUkQlQgRCVCBEIQgEIQgFqqKljBdxsFEuOeNG0f1FPaSocNtxGDsXDm7sHie+ravEamd2aoqHOOotmOx3Glh4arlfJrqHamKbdrpPFNJykHPUhwabb2fbKfNYt4jibbpXBma9tdOqLnl2WVIVEzWM6psd99/VckGOSO0eM9tm32+HfoFz53nuHScNY6l6Nw/EYZwTFI19t7G9viuted8K4jmpJOmp3ZHbEG2o+65p32CuXgjiluIwlxb0cjCA9uttdnNvyNjpysu1L78uOTHx7hJEIQurkEIQgEIQgEIQgEIQgRCEKgEIQpAhCRElQkQgVIhCATFxnj30GldI3+0d1Yx+IjVx7gNfJPqqP2t4kfpIZ9mKMG34nEn5N/kVMltR06Y68rdoFiFc8OLW3klkJLjqXEu1OvMnmt9Fw7UyNu5ojJ5k3Plqn/AIWwPK3ppBeR+pJ3AOoaP+bqVQU91htm1OqvVx+m3G7/AMK+/qrM3eS4v2Llr8K6OQaaGw77jsVtfRABsmTG8LD2HTUKPtbRPa0+npMe1X9XC03GhNrg23t81IfZdixpq1rXEhkl2OGpGux8wFHK5xa/Xcf8PmPmtMMxjfmabEHttYjUG/Jaa70w5Ijenp5Ko9wHib6mijfLq4XbftDSQCe+w/JSFaoncbYpjU6CEIUoCEIRAQhCAQhCBEJUiokIQhAJEqFIRCEKAIQhEhUHxjP9IxR7dwZiD/DGco8Op6q+3usCewXXnWgcZK98haXhgLnWF9XO/wBlxzT00+mjv+E9oxoE5UzRoo5ScS07nZC10ZvbrCwunmaaRsJfC0PdyB233KwcZie3sc4mOjyGLRUxiyiJxOrD7VE51+xHlYBfa7nHVONDiETzZjntfzDzmDvLQjvCvbWlKxbaF8bUvRTkgaHUd4P/AApiay5b39XxG3y81MfaLTkxsktoDlPddQ+kddgPYQT8RofyatGKfYxZ66uun2Sv/wCjte9pDp2aAEeYCnRVVey2qcwlgdcODiR3h1/QOP8AKrVutOKdww5a6sEIQujkEIQgEIQgEISoMUqEKqSIQhAJEqRAIQhQBCEINVTq0jtBC81SVFRBLK6I2zSNjcdrG17k8tz5L0nM5Ue7Dh/SNTA/3WydIB6A+RXHLMR3LV6aJmdR0bqOoqDM+GQCXLf60EkEdXKW3JBOpNtPjyVk0ETvorGnfKLkb6gJsp6GJjQ2NgF9zYX71JIwGgDlayyzMWncRp6dazWO52rXHsCfMZBke6QuBjePdAadWuadDcW118lIuEeGTTtBlOzQMtyRmG79dr9gt81JZIxuEMcbaqec64yj7OOXOPLix7D2TwvicNHNI+B5EKm6BlukjcbZS4Xtfax28FdFfNZptvYqmXkiof8AicfUEfMK2KfLlnjxKXcDYi6GpadwCHEfhd1X/pAV4QHqi2o5fDkvP2DtLXBw/uGH+aVzh6FXXwnWdLTNJ3aA0+G3pZd8U+6YYs9fbFj0hCFpZAhCEAhCFIAlSJQgRIhKqpIhCEQEiVIiQhCFAEhSrFygctQ7RVZxSWxYm2YWtI1scncXaMJ8WhWdVO0KpTiCsbLilRBI6zXtaxpvs9jAWnu1uPFcc3dWj006sktVVPjF2tzEX05DQ7rrpayqnY10bmxWsXNe3Pm20BuLDfW37JmpMWb9FbJKetYtfYHWRhyOAH8QJ+BC103EkuzKdzuQ0f8AnYWWOItHUPap/cjcJsA6wJ3O9tgexZNamGixipcSx9I5hG5ztt8N73TwJL76KJ8omJjy56zYnuVTVsQ+lPLXBw942N7Fua4PeLKx+JK8RQuPMg2Heqk4eaS5995Xi57cxcXegK7Yq9TLLnv3FUuw85Tb/wBEf8rdfUHzVoezyXqSMPLKfMaqsaJl5rcjKB4tYAfUKwuA5bVDm/ejJ8Q/X8wulPnDhlj+3KeIQhbXnBCEIBCEIBKkQiCISpFVIQhCASJUIEQhCAWL9lksXqA2Vp0K898SNJr6gjcSvP8Amyj8l6FrRoVStXRNdUVUttDK8/t/mIXDJbUtOGu9mLhTGsk7qed3VleHNcfsyizde5wAHxDVOmUpL9Mwvr7xA8lUWMxWkf8AF3of/qnXBfFLjCGzgvLOrnGpIG2a51NufNUzY+uUNfpM01tNFhUkBa3l3rVW1rYx2nkOa5IcYMgtE068zyXVS4aM2d5zHfVY9N0ztHOI2OEDpZNyDlb2Dl4qH8MxDpW9jcx/lAAPm8qWe0iqyxBg3J/2HqQo7w0y3SH7rGtHi5x+QWnF8Jljzd5IhIMFiu+Indxc/wAzqpnwe3JWkd0jfMscB5BMGDsH0iNv3Yx6jNf0KkWCnLVA9sgv/ia4fmGpE++HPJ8JT1CAgheg8wIQhAIQhAIsgJUCIQhVSRCEIBCEIgiEIQCxcslrllARMGjHagRxlxNtFVjW2he86ZnfrcXk+TQpXxTiXTyFjT1WnLpzd9q3wHqe5RPiepbBAIvtdZxHIG+3oG+DuxYL25X6ejirwr2r/EGZ3SdoLifIkD1K7uC4L5webv8AZY0NIXAndzw9wHc4tYD8LWPiVKMAwpkRHqr5smqzVf0+KZvFkiwGkLSbqQjQXWiKMBt+5Zl92lZIb5Vnx7U5qlkfIAO8nXP6V0cL01oCTzcP2H6lp4wjaZ3yb5WBg/iNz6C9/inXhZhFLBm3dkv8crDf/K5aY+nDFb6knTC5f+sA73Dya8j0spC1t5323yCRne6NwkA8cpHioZgdReuYPxvHk14+SkuNSOY8Obe7drb6O5d/VKiepUntZMMgcA4cxfzWxRfhXHonMjhe4B2UBh5PBHVAPaQNO2xUoW+lotG3m3rNZ1IRZCFdUlktkIQCEIQIhCFVOyIQhEBCEIBIhCDXNJlF1FMfxkgdFD7zue5A2LgPQdp7gnbHKqwsNSdAFDa7EGU7srfrqh9tAL5b6NuPsgch3arNlvO+NWnDSPlLRWSR0bekk60luoy/u/iJ+9vr8So3hvD1Ris+vVjBu5xBt5dnYN9+0lT+k4KY8iWrkdK86kA2YL8gNz8T6KWUdKyJoZG0NaOQU4/TzE9rX9RGuu5Rx3AVKImth6kjRrIRcv7n919rbed2j+rs0LvrYi4feYMzfMajxsrDaVmCumT01L/kri9Zkx9eYV0+YsGUNPwK1NzZCS4NvsOasmRgd7zQ74gH81i2Bg2Y0fABcf6L9TTH/pfp/wA/8UBjFCZ5XR6k2dawudc2Z3ebW1TpSuMbA1wy5S4WPYy7R6FWnjlM3OHi18pB8CLfMeJVXykPqA09YOlAPeHPs5Utj4e3e165YybtrRlwSrtVQvPOUH+cu/cqfY+27WuHJx9bO+arieAxOFri2UjwNvyHqrMe/pqfMBfRkgHbcWI8r+SpfyjwYqOlMzDCLB4BDdbajrMseV8xI/jPYpNwbxfJnFFiIMco6rJHC2a2mV/4ux32vjuy0LCY+kb70TrO7236rvIkfAKT4lhkNfTZnAZ2gWdYXabb/lou2Hf3eXDLx8W8f6S9IozwXjD5Wup5zeWE5Sebmg2Bvz+PeFJ1rrblG2O9ZrOpIhCFKoSpEIEQhIqpCEIQCEIQItc8ga0k8gtiYuKsREMR+FyO3k1vifyKre3GNrUrynSM8QYrIX5IbmVw00v0bDpe33jpp3hPuB4ZT0lK2ScMhdbNLJI5o6x3L3uNr+KaeGxFSwSV9bI2PO7V7+QvlaBzJJ5BQfGuMaHEMSb9Okc2gpyTFEGOcZ3jQOe0bB2u/wBkW+05Uw49e6fMuua/4I8Qu4OaG5swy2BzXGWx2N9rLMDsVPYlWy8SVzaSmJjoYcr3m1rj77m7Zjq1jTtYu7QJpJxbQ0UjcMo4J6qSFgYIadgf0bWAaOe9wFwLX1NiddVoZ0uQo7w5xrRVzZizPA6AZpmTNDDG0ZgXEgltgWuvrcW1sotgOPVmK4i+pinfS4dS+97rRJlGbr3H2h1j91lhoTdSLMuVi5/gq84W4mrcTxCaaKUQYdT3Buxn1lh1cznC7SRd51GVuUbm6eJPaRhAJb9KLgCAXtimdHc7dcMtbvvZBu4sxDo4jbVzgQ0c+z5u8lFOEsIdKPpBGrnWj+DSLv8AS/l2p9xiBtWWOjcHRu6jSPxWMjh2dXTzUpo6JkTWsYLBrcoHcLW/JZYrzvMy1zf7PHER5lXPGXDRYBI0X+HhcLdwxMTE1vZmZ/qaPLMrAxCjEsZYeY07lX+GQmCaSI7g5h3gHT0Nly9RTjO4dcGTlWYnzAw9wiqsrvcf1CORB90ju93zKkuAgxukp98hIB7WnVp8iR/hUZx2DVr28tiO7b0AUgwaXNM14/7sevxFnAeGZ6YJ7VzxuDc130fEWSbBxyO7wdNe3T81YagXFUXXBG+dov8AEn5KcUj80bXHm1p8wCtNOrTDPk7rWWxKhC6uIQhCDFIhIVRISpEIAIQhAFV9xLViWpEd7lo6UN7ct8gPdsfiR4zqtfljce5VdQSiTE5CTtlaPB7XEeTVxyzuYq0YI82dntTqm0+FR0rWCR8rmRRggOIyi7ntvs7QNuNQZFt4koP6J4edDC0dJkZHJIBrmmcBM++495wB5Xb2KQYhgFLVywTVDS51O4vj6xDbktPWbs6xY0+CfJWMlYY5Gte1wLXNcA5rgdwQdCFqiGaZVHwZxXQYXhZ6J3T1s7nHomtdcPuWRNcbWDQADYakuNt1GuE6WOUSTuxoYbUF7w/NmYZGPyuc7pGvbcl+a7fwgq3K+mwjBmfTDSxwdYMD2R535nbNZuW7Haw0UUreOeGZnmSahErzu40sZcfiSdfFToRPiCtoKWkOH4bOamSZ7XVdSRka8MuWRN/BmOYnUb6m+jxxrjtLT4bBg+HTsl0aaiSMjI7m4F40JfJ1jvYCx3UqwDibh/FHCgipG2AMjWOgjawZbAluQnK6x30UjdwbhDo+i+gwBpN9G5XXta+cdbY9qaFZcbYzS0uHQ4Ph87JbgGqkY4Fjubg57dDmfqQL2a0A6FdHGlXDT0VLgmGyMmdKWGd0Za7pHEtsHFvN77O7mtA2KsEcA4P0RiFFHlcQSbu6S4va0l843Ox5rbgfBOG0LjJTU4D7EB7nOkc2++UvJy+CaGeB4WIYoYd8jTc9pPvHzJPin1oWqJuvh+Z09GhblStdJtOyEKJcS0PRzsnA0Jyu8dFLlxY1SiWFzedrjuI1BVctOVdL4r8bbRGtizR6jYj0IHyKywY5XxDse4fzMe783Le4Zo/4rHzB+a0Q6GI9r4/yN/RwWOnUtV+406+Jm3Y533S0+jv3Upwz+wj/AIG/pCj2Px3glI+830Ugwr+wi/8AW39IWz8bLPwj93UhCFdzCEIQYJEIVUhIgpCUQW6LrG6EHHizuoqip2SvkqDE4xyEHI7sdZ1j55VbGMH6t3cCfJVpgLc0kt+Tj+r/AHWbJ84a8P07H7+v+GQRgz1GV+SN7ow17nN6RocAbDcB1yOSnHR3FwvPXEeF072QyBv11TiFRFe5sYY5GwNbl23ym/eVdGC8VxVNdPQRxPvTsBfLcZC7qgsA3B6x/ld2LbEscneoia9uSaNsrDa7XNDm6bXB0VP8SUsNZxJBRxRtZHEYmvaxjWt6jTUSEgDm0hvkrpc8AXdoBqT3DcqnvZQ012LVmJH3bPy6f37/AKsf4Y47eKkWfjFZR0ED6qYNiYwalrRmcSbNY0Dck2AChWGe1eilmZHLTTU7JHZWSuylu+W7gNhfQkXtzXD7c6x7zR0MYuZZC/ewLriGJtzpvI7fuTO7h3GK801PX07KGlomZS/qta2JoaHm+dxe4tZuNNyUE94z47pMLkbC9skspAeWMygMabgF7nGwvY2Av4Ln4f8AabR1tRHSxRzsfKDYuazKHNa5xaS1xOzTrayh3BskVbiFdjVYA6np2ukaHC42IhblO5bEza3vOHNL7K4I4m1uN1DAxkQkDGjYF31kgZ8AWMH8RCbNLHxDjXD6So+j1U/RPLcwux5blFwLuAsCS06funbC8dpKqPpaeojlZfKXNcNHb5T2HuKqfD8OhnFTi+LR9JHBEwCMkhsk742yPaNrgPkyAbXd+FRLDeGqZ2HzYlXSOijzOjpomZS6WUA2ALweoDcdvVcb6aoJelrrF+yrz2LRVbcPLqhzuje/NTtcSSI8oBLb7MLrkDxGhU3xCrEcbnHkP+BNIMAt0OZugDnADs65AHgCPJc4b/YnskaPK37LZhRJgc09rj5m/wCaI/7Nh/8AN/qKwzHubYno4Y229K/vkYPN1vmU/UDbRRj8Df0hMmNAfRT3yM9Df5KQQts0DsAHotP4mafjDJCEKyoQhCDWkQkKqESIKQoC6LrElF0HFierSO5QDh6EB8t9OsPIHX5KfV2yrXEXujkLWOLCZmtBHY5xDhr3C6z5J1astOGOVbQZW8AY3IRUZomGCdz6eN7wffldM54yggDOWmztT3WAVl+zjhv6DTvdK4SVE7zLUSDm8knKO4Eu+Jc46XspBG36vwS4W7quH4j+a26ZRi9EZ4JYA8x9LG+MPGpbnaW5h3i91HuAuE/6Kp3wmUTPfIZHPDcg91rWtAudAG9u5KlpC1yNRCK8dcGxYrG0F5hliuYpAMwGa2Zrm3F2kgHQggj4gxv/APOcUqAIa7GHyQAi7G53FwGwOYgX73ZvgrLC2MKCoh7GZw57G4gGwONwMjsziLmPpGBwaSDbX42AvpzP9m2Omm+hGpg+jtfmbGJHAOJfmLjaK5N9bOJA5cldIWMhRO1Z+0DhPEJ4aOgo2h0Wd76iS4DWyuIOd4JBLOvKQBfl2BMnHeAzRVlDB9DmqqCCOONkcYvnfd2cPP2XOcI7l1gRex1Kulx0WuUHYGymEIRhuHVpqG1WIT2MYIipKcubTxgi3XP/AHXAaa6DkmjGOJqh1YYHZWQgXsBdxNxq53ZrsArDnB1JtsoLjeFg1Egtq4NA8Hk/sk+NpqeMIOjh+C62wtOWHvcD6rkwq4e8H+7A/Vf5Jwjbd0Le8ejbrJrd5ad6rDuxgfVRga3naP8AK8/JPyZaiPWFv/mzW+DS3/UnpdvvlwnxAQhClAQhCDSkKUrEqAFYOKyWDkCXSJEhKDjxSQMY552aCT8BqVX0Tm1M9OTu54kP8UYzHw381LuNZ8tHJ+IBv8xAPpdQ/gmIunLjqI4yB3GRzfk1yzZO8kVbMNdYrXWkwdUfBc9EfePMP18V1RDqj4Lkh9547bH5LcwnIbLXIFnGdEkgUDlLiFtjctTysolI6WrCVbAtb9SogZgbLW4LYsUGp8d9O0hRfiiG0ocOenjckKXgahMPEsWhdb3bH1H7pPhMeTRhLXXcXm7rWJsBfqjXRPFNCekj7szvLKz5pko5iMxGp6N7wO/7P6fVN7uK6oRZxHG2UNI2cW2uCXZc3d2rNW9a720zjtb4pwXNkqAwG5ibdw7MxYR4kBOqr/2cYm+aeYynM+Rucuta+UtGoGmzh4ADkp+ulbco25XrxnRUJEqsoEIQg0JClSFQMSsSsisSgwKxKyKQqREvaHJanYO2QejXH5Lg4HhtFI/70gb4NAP5vK3+0V/Vhb+Jx8gP3XTw3DkpGd4L/wCZxI9LLNEbzftDZM69NH5ymUA6oXJJ1Zge0ELqpTdo+C0YizQOHLVbYYXXCdFlItNI+4ut7hooHHULKFJOik1Vh1rWN1scdFrjVYGRStCQLYhBGhN+MQZmPH4D87fknHZYubfRQlVVFjed5u2w6N0eh+ITY5t3PJNySQO5rdPU3Pikp4skr2H7Mj2+TiPklp6WZzpM1mtLiGnclvKw8ea87JPc7exirERGoPvABDattjuJGnvJZnP5KzlVfA0JbXRtFsrXSa3Jcfq3XLifLwVqLTg+LD6v6gQhC7MwSpEIP//Z'),
	(4, 'Jeancultamer', 'pasdinspi', 2, 1, 'https://media2.woopic.com/api/v1/images/1825%2Fwebedia-cine-diaporama%2F1a9%2F0f1%2F4c08fe02b561668378832d7ac9%2F1363372-dans-piranha-3d-les-filles-en-maillot-orig-3.jpg?facedetect=1&quality=85'),
	(5, 'GeorgeSauciflar', 'Informatique=merde', 2, 0, 'data:image/jpeg;base64,/9j/4AAQSkZJRgABAQAAAQABAAD/2wCEAAkGBxMTEhUSExMVFRUVFRgWFRcVFRUVFxgVGBcXFxcXFxUYHSggGBolHRUVITEhJSkrLi4uFx8zODMtNygtLisBCgoKDg0OGhAQFy0dHR0tLS0tLS0tLS0tLS0tLS0tKy0tLS0tLS0rLS0rLS0tLS0tLS0tLS0tLS0tLS0tLS0tLf/AABEIAPsAyQMBIgACEQEDEQH/xAAcAAABBQEBAQAAAAAAAAAAAAAEAQIDBQYHAAj/xABCEAABAwIDBQUFBQYFBAMAAAABAAIRAyEEEjEFQVFhcQYTIoGRBzKhscEjQlJy8BQzYoLR8ZKissLhJHOTwxUWQ//EABkBAAIDAQAAAAAAAAAAAAAAAAABAgMEBf/EACQRAAICAgICAgIDAAAAAAAAAAABAhEDIRIxBEETUWFxIjJC/9oADAMBAAIRAxEAPwDi7dE0KRRqwQ8pj1Io3oAYpGqMKVqBkZSJSvBp4H0QBNQ3dVbUhBVXSEQSrvCMqOHhFo1I+aLE02GsfAG9DbYaIEKw2VszvDLnEwLwS0TOgg3NuiuHbPYxsZQ0XguAN95kXKXMOBgmNB3QeKGqNjmtdjNltdduvWL7pBVRiNnlpg2PMR80ch8CmbvTEfXoRZwg8R+roJzYOspkTx0UJU25ROTGhApXKIKVyAGM1RuGCDpi6Nw6BMscG26s3U5QGBCtKzbJkSF3iGUiAov/AI8fiKMYbQV6EAYwBRqaNVEUiY8KJylGiiKQIa1SNUbVI1AyMqWjSkzE8eiaAiGE6G3SDHPmoyZKKslpU8pvcbyOXRaDAN8IaIGZ2V2a9t+6wQWzsNntrv3acf7cVdYbCljCD0NrhvKNbAjz5KuyVDDWcyn3dKGt90viSeEdVV1Q+cveOnTK0lzyeBawRNtFa16JOlgBeSC65mZ3bhPLlCZh8PezXlu+DlaG6368+KGMFpYutRiS8D8NRuo52J+SKobUY8ZajYH8BkTEe66w068wlOAp1D4c19Ln4HQ9QL8kJUwAaTk1FozQ7WN+o6pWOh+OwMDMwZmE3y6A6gX0PI67jvVJisKILm7veH1jz8rclbYXEOYYktkQRqHcvwn9aar2Kphxz04aeB+Xi3cj8RpJSoi42Zo6KFytMfg8oDhoTcb2u4dOBVY5XdlVUIFK5RtUjkAJSFyjsONULRCMwwQJlngQreo2yq8E2ytiLJoiD02wpM68AlQBjCNVE4Kd+9Q1AkSPblEVIdFGUDQjFKwKOmFI35qLGGYPCzoRfnqrnDdnnuiBPL+h4clL2T2OajwPXf8AVdc2NsdrALSVnlM044Wc/wBmdka7PEBYai/6C0bNkBzfdhw0tcEwCY42W8o0oGikZhWkzF1X8hd8RhML2Sm5sOY1vf4/0RJ7Igg5gXDWCR1Mjf0+a3YopTQHBJzbGoRRzbFdl3Nu0G/MDpwCp6+w3XEesHyuQus1qSrcVs5ruXkhTYfGjje09n5QWkAeQB9QL9NFSPcWnlx4Lq+3NjwDYRykfCVz3auDDSbeGddPIhTjIqlGitbUzAh2jgGuOscDxjj/AHmjxNEtcWnUKxqzTdlJ8LtDy49RKkxlHvGTYOYYPxAPQ2B8uivhIonH2UrVI5MAUsKwqH0gj8E1DspRzVjg2BMiH4ZsBWO5A0mIsGyYhEkpC5M7xMDLPah6ourGtSsgKuqiMhcmFPcmuCRI9T0U+HHingoqKIwolwHEhRl0Sj2da9neBilnIu5dBwrICynYxsUWdFrqJWGb2dDGv4hTQp6TVFSCJYEJDkx7WJS1K0JXlWUVWDPYharUXUKFeFWy1FHtmlLHWXJ9vvhx9OvIrseLXOu2uyDd7RIKcH6IZF7OfYmmHsLZki7OfL9f0UWzsSJGb3SId0/qLFNc/K7z85/qg2ugnk6R5/2C0Izsk2jQyVXN0hx/r9Uwaqx2nFSnTrDWMj+EtNuvhLetyq7eFenozyWw5uiMwgHPyQrBZH4FqZEOpQpTom6JtR1kxDKk3Q/eclK0gCXFD/t7eBQAJiW7lW1xdXOLFvNVFcJMYKUxyeUhCCQ6kLKfCmHCf1ZR0hZeqgwTwUZdDT2dm7IY1rcOHudDQ25O6Fo9n9ocM7Sq3zt81y7stS71lNtRxFMNzOAMSbfBa+nhsI6WspEkC5DoibCS6w6LFOKvZuxtuJ0PC4pjrtIPQyjab1zLD7JqUnB7Hva2d8Ea7y0kLa7JxpcAHGSl0T7LzMAq3afaClR94yeA/XVTYwnKsjtDCUpNR4mL+I2ty09eClZFRJqnaOvXth6Q5uMkD5IWphtpAyKjCBuIaPgFSYrtlQpgAd69sn9ywZLAkw93vaOuLWMm0qqrdt4cYNVjZ8IqtjM2BcOFtZtwhPi66Fyjf9jZUdqVJ7vEU8jjYOb7jjw1MFS4+kHsc0jUH5ITY2PNdkmDa29WGW11X0yxrRw/tFh8lQzBv5+ZCBobMq1GF9KlUqBt3FjHOgcyB8Fpu2OD+1dE6lbzsHs6s3Z1FoORpfUc45QS8y45b6NAABOpPCL3ylSM8IWzj+z3TTeDcBzCP5pYY8iPRCEQei0e18F3eIxjALNqkjpmL/gIVDUbDvIfJXY3aKMqphtIWCscGxBUNFZ4IfJWlI57rplQ2Xqxuo3useqAIYE3ultwHomPdYoTvOaBBuOO7mqiuFdbQFgqaskMCckT3pWhAyRrbBPY2xTgLBOZvQBq+xzXPw7g0S5pLQBrYNICK2N2b72q8Yx5YALUs7mgmAQXHe2/GUZ7JgJq/mB+EfQLptXZbHnNAnj8fmskp8ZGyEOcTm/Z3sk5mKkucygHFwdTqOzEEsgOHuwIdJMg5hNtN9QoOpvY6DBdlvHiF4dANunGd0AWeH2eAIUeL9+m3+JRlk5eicMXD2HbSd4AqbbOAbUoinAIIGYQTI/D048uquMboAm0WKDdFiRkdu7Gp4pjKb6YaGD7pLdAdIILdSLH7xQp7PPrMbQLGik2IETuG8i0CBb+/QhQCd3QA0U3km12QWOCd0UmE2RToMDGNgAIXEtVxiqllQbSrZRKou2aKpGb2ps1taoGxJJ+ABJHPRb3ZOzH06DA4iKbRAAi4ueu/wBVi9mYhwq5gMzoIaOJPhEncLyeQK13aTbgw2Fqv0FJkQYu4gBonSXEtA6q9/kzp10cH2zju9q42tNn1amX8oflbH8rmqs2i2Krxwe4DpmKRlMilk3kCY5yR/sU22P39QcHHRX4zLlH4bRWVERcFVlB0AK2os8KuKAas0gzuTHGx6rwfB5Jjj73VMRC11ioMo4rznXKiQBc48y0KnrNVnXFgq+q1AyvqKSm1NqBT0GpDHlqe1qWLwET3QA4n4IEaD2eYzu65adHttzII+krtOArSAvnvDVjTcKo1YQY5DUeYK7T2d2iKjGuaZBAI6EWWPyY07Oh4kk4uJqybKspsz1j/DHxVhSfZZTaDMRTrOrUy0tLpy38TTuJnwnyINrjdTFlrRptpUDl13WQ+BrXaDv+arq762IGVpfRG9wa3MOQDgRPODp5ojZ2BLHNJe9wbpnILnGIJMAAb7AJyY0tGiAUWKdAhebWshMQ9OUtEIx2A4l6zW2HyQ0K+xblSYqncuUIdls3ol7J0w176loYLnSAdT0EFZz2p7RDy2i12ZrSX1b+9UMFoMHRrMx/mbwWe27t3E08SKOHqOpzTh2UZpzk2ymR7rdSLTzQXaB5NISA17zLmiPeqOc52lrSR5haeO7MfK1RWbJompWpW/8A1bysXCY6NaTZR49s1Xut4nE25kq72VQDC12mVr3gnk0sb0gl/OwVNiDLieZV2NFGRi0Wq0zeA9EDhmonEutHJWlQBN5TS73uqjzXSZve6oAhzaqPvBwS5plRQOKALp4sg6zUVTMhQVggCuqC6Iw4soni6LwzUhnpiw13lFYZlpUbGSUYxlkxEFWACtZ7MdoObT7l5Mt0n8JJiOViB0WM2k+Ap+ze2HNxDTUqOcHk0m5jOVoh1ICTYeJwiN/pTljaotwy4ys77SxVlHVxDd5gKp2ZWztF1UVaJNRwdUfIJgQBbcsUYnUgubNu3atIAEOHDfPooRtajPvgdbLNUdltgE1DO+//AAvVsJRbvLuub6qfE0fBE1bMY0mA4HovVXrPbCwQz58gaOMX8ldV32VUuyhqmC17lV+1HQwlHLMdqsdbu2nxOkdBvd5D6KeNbKcktGGwuKoVKmNdWa0+B4pnO5rgWt7sZGi1Qe8S0x1CrxWFR1G85KYLjmLpdAkmdOEcIO9CNwbzRqVmtOWX+LKS3xR4S6IzQWwJGnkZtkYfI3K5uV0NJB1gtzA+bXNPotRjV2aNghjjwY1gI0l0uMTzHwWdAk/FaTuv+nB/E+ePihx9YMLN0iJPSPjCsgQyBWHZdLjTAKlw3SEFjnaqwqAZuos9ynOKhkSUgHOaYMIbMeClYY0Tc54IAucN7qZVCdgneDzSvHHT5oAD7vedPmiKKiNzf0RFJt4QA6nqjKGhQ+HbdFlwAQMpdtaJmHb/ANLUFyXODmxHhLIbMzIJcQLjhe6dts2CrqOMcGd0NHODjodJ46bjbgFCRKJ1H2e7e75mUnxts7mdzvP5grc/sbanvC/HQ+q+fNnbSdhq4rM4+IfibvH16ruvZrb1OvTD2OniN4PAjcVjyxraN2Gfp+i2p9m2n77x0I+oRNDs2wXu4/xGfhoj8JixClrY8QoJa7LpTn0B9zFhoh8SQF7EY5okkrGbe7WNacjJfUNg1tzJ0HJRSBssdu7YZRYST03kngBvKosXgH08PVxFYRVewkNP3Gx4W/m3nnA3K67Mdl6hcMXjL1BenS+7T5ni/wCXyd24E0i0byB6kKyLK5HKtm0nv+xaX924ubVY137xrQx2VrJ8TgM7p1gWkiEuFqZ+8qOqd65xBc+93kDMASTmAuJ5dFU1MI92Z1Nxa7MGkAkAgzqitkx3ZA1a4en9w5ab1Rkit2aysfsac6msz0Ph3fnWXczJUc3cDb+nkrevix3QG8AEciHSD10CB2qyapqDRxB9evA26KUXsWRaCqI8Kq8bvKOxDzlgaqufWix1+quKAF3NQ7ynumZKHm5SAew3SQkaU2UDLvBe6BzUtRR4A/Zg/rVTVGoAGhTA6FIWWUlHRAiSmUlewnVI9NrP8NkDKzaJlqrabo8laV7gqocq5lmM9VNits/YmKwoGIw5cWQJLbkcnt3jmshs3DGrWp0wJzOA8pufSV33s6YGVUZHRoxq2zB4D2gYgCHsYTxBLfhdEv7dV32axoJ5l3wAC6Fi9hYdzg80KZdvORt+qscFg6bAMtNjfytA+ip0aEcwo7P2njNzqbDqT9m34+I+S3XZDsZRwvj/AHlXfUI0/IN3XVaNt1OxArIa5gLJ9pqWZsb5HzWoxDlUbQoyPNKx0cSxNA0qr2xY6SLXIiVXPPd1D90PG+bEHxDqJ05jitj2ypsbW0kluYt3kXBj0/UKhdVpVWw+4gX3iNM3AiYnmeN9EXqzM9OgCni/C5p3Tw3/AKEKX9qlgM7r+UCPqg8bgiwzq06OHDh1/VlDScR0/Up3QVZd98Mlt6p6tplKK+UwTb5f8KOpUB4q+MrRmnGmQOfKiBuU55UYN1IiSNKbK81JmQBfYH923p9USg8J7jOiIzoAXikIsOSL2bs6rXMU2k8To0dStRT9ndRzZNYA/kkf6lCWSK7ZOOOUtpGKfUULqtpWjxvYnEsNix43QXD4QhG9kq/3yxg3k5rDzaB8ULJH7B45fRmKmIAkz0VeGlxsJ6K5xWzKLTDXuqxq6MjP5W6kcyfLeitmYA1ajKTABmMcgN5PICT5JPe2CdOkX3s27OnxYmoOLKf+4/T1XRcCzKQeJT8BgmUqbKbfdaAB5b+p181PiGWEbljm7ZvhHii6DZCVrE/ZXiYES6jCjVkrIA+FK19kJVdeAiXNQBARKZVoyFO57RvVV2m2qKOFrVAfE1hy/nd4Wf5iEJXoTdKzi/avG99iqrwbB2Vv5WGAR1ILvNUlRua8w6bkQJ/5jkicu5Rluq38VVHN5u7L3Y2wn4mm7uarC5sZqVTMHCdDIEFpixA3Kt2tsDFUpzUnEDeIcI6t3dYKXYu0n4aq2sy5bYgmzmn3mHkfmAdy7JgqpxNNtWiwFjxIJIHIgi9wQQeYVE04P8GrHJTVez56rkkaaWPLrw80xmItlPkV3vaHYtmI/e02dRM+ThBQ+H9lOCbd1Nzj/E98egISWVIcsTkcLlRg3XYdt+y2jrRLqR4SXt8w4z6ELB7W7DYuiSQ0VG/wG/8AhP0lXRyxZTLDOPozzClzpuUgwQQRYgiCOoOi8rCmi3w85WgXJAEcytr2e7Jl0PreTB9SofZ9sTOBWcOTem8/r6rqODwCy5crvjE2YcKrlIH2dgWsaA1oAG4CEa/ERYIl9OLKGlh7rOaiPD0JMrm3tG7Tiq84SgfsqZiq4H95UGrfyNPqQdwE6n2h9of2Sh3VMxXrAgHeyno59tCdBzk/dXHG8AtWGHtmPyMn+UeK6V2I2AGURVcPHUE9GH3R56+fJYLY+ANatTpD77gDybq4+gK7Vh2ZQGiwAgdNyeaXoXjQt8iJmDjefVSsw6IkIrDFouVmo2hWAblEKXH4rK3mhnYlBVyXG+iLojWx+Gq3zHVPqYhxS0w0Imm1qEMFZQJ1WM9qdcU6NKiDeo8uP5WDQ/zOafJdDDFxn2n7Q7zHOYNKLG0/MjvHEf4wP5Vbij/IozzqP7MmU0pJSuWwwDV0r2S7YyufhXEQ77Sl+YDxt8wA6P4XcVzoDREbPxTqNVlRhhzHBzeEjceR0PIqMo2qJQlxdn0G+vCb+2lJs7EMr0mVme69ocOXEHmDIPRPfRWBnSi0wSrVJQdfDZhcK1FFKaaiTs5v2p7KU6wJIh33XjUcuY5LCf8A0qv+Nvo5dyx9EEKm/ZwrI5ZRVEJYYSdsh7KYYMpMaLQ0D0C2FIwFnNithoV9msqyVD3uQ+NxrKNN9aoYZTbmJ+QHEkwBzISh8lc19qe3sz24Nh8LIdVje+PC3o0Gerh+FTxx5SohknwjZj9t7Vfia769TV5sJs1os1o5AW+O9BAJFLQpkkNaJc4gNA1JJgD1K39HN7Nz7NdmXfiCNPs2dbF5/wBI9VuCUzZGzRQoU6IjwNAJ4uN3O8ySfNOqLFOVuzpYocYpDmuRLHIVoRFNqrLApqTJKQNsnNkIAlZThOTWkqSE7EJ3kSfU8h9NV8+bQxnfVqlYz9o9z77g5xIHkCB5LtfbPFd1gcQ8GD3ZY0jc6pFMfFwK4bTWnAtNmPyXtIRKUrkhK0GUeBLSlAkcwm0zqE6k+CgDo/so27BdhHmxmpS6j32jqPF5OXSyF89YWu6jUZVYYcxwc3yMieW4jmu8bKx7a9FlZnuvaHAcOLTzBBB6LJnjTs2ePK1x+gwBMeQlBUblQaqAcaLKsy9Fb4gWQPdfqVEkgLZY8IVo56q9nnwhWG5DEgba+1W4XD1a5uWjwj8TzZg6SRPKVwqtVc9znuMuc4ucTqXEySepK2vtM2oS5mHGjftHc3GWt9Bm/wAQWIYFswRqN/Zh8mdzr6FAWy9m+ye9xBrOHhoiRzqH3fQSesLHtC7T2U2Z+zYVlMiHnx1Pzu1HkIb/ACqWWVR/ZDBDlL9FrVKEcJU7wvNpLGzoiU2I2ixR0qSIa2yENiOAUkBQxdKkxEshe7xDF68LpWBkvavjIwtOmD+8qiebWNJ/1Fi5Y0XW29q2ImvRp/hpF3/kdH/rCxbWrfhVRRzc7ubGlIE/KmOCtKj1PUrzkjSlcgAqg+RG8fLeui+yra1quFcfd+1p/lMNeOQnKf5iuYMcQZV52Xx/c4yhUBgF+R3Sp4b9CQfJV5FcWWYpcZo7k16QuQTcRdFArnJnUaoZVCFhE1XKDMpCKjAaBWbGyFWYE2CscRiBSo1KpsKdN9Q9GtLvolVhdbOIdpsX3uLrv3d45o/KzwN+DQgWqKgDHE/NTgbl0kqVHJk7dmk7C7L77EB7h4KUPPN33B6if5V1YFUvZXZP7PQaw++fE/8AMd3kIHkr5jVjyy5SOhhhwiea1TU2JrWqVrVXRcPapANUtKkVJWZATRFsBc8BCOxMlQbQxUGAo8O3eoMmg5iKphRUGIymxNITOLe0PEZ8dV4MyMHkxpPxLlQBS7VxPe16tWZz1Hu8i4kfAhRMK6MVSSOTJ22zxTSnSmuKkIZCcUhSoEJCdnIEgwQQQeBBsV6Eyrof1vCTGjt1KvLjHL4gz9FcU3WWZ7MsJoU3GZc1rjPNo/oFpaTbLk+ztdpMa8oeSp6gQ6mRKzAIX2gY3utnVo1q5aQ553DN/kD/AERWz9yzntZce4wzdxquJHMU4B/zH1VmNXNFOV1BnN6LVquwmyu9r944eGlBHN/3fSJ8gszSC6d2BpgYVpAu5zieZzR8gB5LZldRMWGPKZrKLAiWsTaQRbBosZ0BoYnhSOTHoYIIoOTNpu8Kjw5S7U9w9Er0FbMhmz1CecK4w9OyqNn6nqfmtFhQoxJsJo00N2ixPc4WvV3spPIn8WU5R6wrOmFl/ae8jZ1aDEupA9DWpyFdFbRTN1FnEGj4KSbJg0TitpzDwKQpSmoAVIvEJHIAelNHOWtGriG+ZIA+aa1GbI/e0v8Au0/9YUZPROG2do2fSDWtaBoIHIAKzYxA4LRWbdFy0ddvQJiEJKLxSr1IR//Z'),
	(6, 'groscon', '', 1, 0, 'https://facts.net/wp-content/uploads/2023/10/22-astounding-facts-about-johnny-sins-1696433310.jpg'),
	(9, 'wetwetw', 'ertq', 1, 0, 'https://resize.elle.fr/article_1280/var/plain_site/storage/images/societe/news/qui-est-ad-laurent-le-tiktokeur-et-acteur-pornographique-accuse-de-viol-4226670/102017165-1-fre-FR/Qui-est-AD-Laurent-le-TikTokeur-et-acteur-pornographique-accuse-de-viol.jpg'),
	(10, 'rztzr', 'ztrz', 2, 0, 'https://www.jeuxactu.com/datas/divers/c/i/cinema-et-jeux-video/vn/cinema-et-jeux-video-63870d55b98ac.jpg'),
	(11, 'tzstzueu', 'dghjghj', 2, 0, 'https://media.licdn.com/dms/image/C5612AQFnLrk67-lHJg/article-cover_image-shrink_720_1280/0/1617898298463?e=2147483647&v=beta&t=y36JSGh9yum60ylo5Vj0TAxQjtqi2WKu_VIXmugiuvk'),
	(12, 'aaaaaaaaaaaaa', 'ssssssssssssssss', 2, 1, 'https://forum.donanimarsivi.com/attachments/d0d2005771c5267e0924d8c5d1910f9d-png.52569/'),
	(13, 'aaaaaaaaaaaaaaaaa', 'sssss', 1, 0, 'https://forum.donanimarsivi.com/attachments/pp-jpg.47960/'),
	(14, 'dghjdgzj', 'cghjdghj', 1, 0, 'https://www.technopat.net/sosyal/eklenti/235951426_371901377703634_5526581906419369626_n-jpg.1182643/'),
	(15, 'sgsfh', 'sfhgsh', 2, 0, 'https://www.technopat.net/sosyal/eklenti/1636734914294-png.1212600/'),
	(16, 'gfhsfgh', 'dghjdgjh', 2, 1, 'https://ih1.redbubble.net/image.1829587262.5721/pp,840x830-pad,1000x1000,f8f8f8.jpg'),
	(24, 'testdecon', 'Motdepasse', 2, 0, 'data:image/jpeg;base64,/9j/4AAQSkZJRgABAQAAAQABAAD/2wCEAAkGBwgHBgkIBwgKCgkLDRYPDQwMDRsUFRAWIB0iIiAdHx8kKDQsJCYxJx8fLT0tMTU3Ojo6Iys/RD84QzQ5OjcBCgoKDQwNGg8PGjclHyU3Nzc3Nzc3Nzc3Nzc3Nzc3Nzc3Nzc3Nzc3Nzc3Nzc3Nzc3Nzc3Nzc3Nzc3Nzc3Nzc3N//AABEIAJQAzwMBIgACEQEDEQH/xAAcAAEAAgMBAQEAAAAAAAAAAAAABQcDBAYBAgj/xAA9EAACAQMCAgcGBgIABAcAAAABAgMABBEFIRIxBhMiQVFhcQcUMoGR8EJSobHB0TPhIyRichU0Q4KiwvH/xAAYAQEBAQEBAAAAAAAAAAAAAAAAAQMCBP/EAB4RAQEAAgIDAQEAAAAAAAAAAAABAhEDMRIhQSJR/9oADAMBAAIRAxEAPwC8KUpVQpSlApSlApXma09Q1Wx05c3t1HDnkGO59BzoN2lci/tC0dL2KCRLiOKWTq0nZAFJ238cb/6rq1cMoYEFSMg550H3SvMilB7Ssbyxp8bqPU1jhvIJnKI2WHiMVNxdVsUpmlVClKUClKUClKUClKUClKUCleMcDJ2HefCub1PprpFizRxyPdSA4IhGQD/3Hb6ZoOlrzO2e6q1vvaBqUwK2VvDbAnZmzI2P2zUDd6pqd+3/ADmoXMyt+HJCj/2rty8qKtbUdf0rTFzeXsSN+RTxMfkN65259odrv7lp9xIo/HMQg9dsnFV+kSddsN84Db4b5UbiDY4ANs8HEceuOX08fpBOax0v1bUVZIZvdIwwVltzh/qd/pXPPHxEF5mlds8TNnOQPs15LJJGSOqUEAZ4d8ev34fL595Riy8IDd5PMenyJoJqxsjrOlvp8kaqrt/mA7aMMYI7s7d+dqsLQ7e403SbeyW4lkWEcIeUgsR/qq76MazHY37dcwEMuOEnuI8a6286XRdetnpdu97c8PE6QjPAPlWV8ttp42OglkuW2E7KDzxivk27snamkbP5pCajbK9v5oTJdaZdW5U/Ayc/StS41meSaOC1j4A5w0sn4T6etcW/1pjhL0mmtIYl42A4hvxZ5V5LLHbzQmR+FpjwxsDjJxkVpx9eNBlt3ukmvmRl48YHEQQu3ltUX07S5k0O1g0+YR36Xdv1LA8WG4wOXeME58qn1daT17fXidjr4487K3LJ8Kim1XULe5Mcsrca4yOI4xWt7Qp5LLojdTREM9uglJbmcMKy3i9baadK5BuHjBfh5EEAirbdbXDHC3Wk/pusdb2Z+fjUyCDuDkHcGuNiRkwwXFT2jXhkzE3dyrvj5N+qz5uLx9xK0pStnmKUpQKUpQKUpQch7SLyeDTba2gYqLiQh8bcQA5Z+dV6FXjGDxDhHF3D6VYPtKtZJdIt7mMZ93my3gARjfyziq8abAR0YJkfi5N6ffd9SsiKgbgGD+IDhG3of9/pvQseUa9kYwufpj78sDlWIXIBJOY2wTh/H7+++vgy4wQ2x78/f3+gZJZbdvjLJtuW+9/H/wDd8KdUWBilIJ5EMTkela9xdADHEGI8BUp0a6K3vSdTMjxW1qjYMjbsx78L/eKDRxcj4J48ZPxDJ/TevqHTNXv+GO1sDOTkdmNhgep2Hzq1+jnQ/StAjBhi664/FPKMt8hyA9K6EDHLlUFWaV7M725USavdJa5/9OHtt8zy+ma7bo10V0/o8XktuOS4kHC80mOIqO7buqepTQ8GMVF3+iW13J1o4oZfzIefqKla8bABJ5AUsl7JbOlee0F5+jegi7j1BkladY1cJkhTz2Oa4no90ofTdMluGsb+/wBVlkLe8XA4gUxtjwHPkPGp/wBo95JqbWSTQQlLfrLtFkGQeEquDvv8Waqa4vr6S+DG4YHiIzxYIxjOPAb/AL1xMcbGmVzxy1Vu6hfzdJPZfqdzKiLdTROGjjOeEhth64qc03rOrijkHH1MaxhvEKMVw/s0uXg1O2EZcLdtJHOCch2UBg2PEBsH1+lk6ilrpOpRKpKLecb9WTsGBXOPXirnlx/MacGesrv6zsUEQyn0rzSzw34Pca+TdW4GSQo8ScV9afPBcXSe7yxvhtwrA1nO42yv5sdIKV4OVe16ngKUpQKUpQKUpQYbu3iu7aS3nQPFIOFlPeKp/pDolxoV89uXZrdgxhd1yrDz7sirmqP1vSbbWbF7S6XY7o/ejdxFFUjLK3VlDEoGx4h2gc89u6tV0mkKskBUMds5UZ8PPv5VL61pFzo1+9vdiRe9ZU+Fh4j72qM4k6tmDEOW3Y7lR/f+6CMvBxCUL8MZQOwOOZwdz5b1IaXc3mmSCSyuZbeRVz2NgeE8J+XI/OlxGslj1UacKu+AoG5HP+q+pV4Lg5C8Zlw/a/PH/YH2aDvtG9pHBAY9atnkYfDLCu748R4+ldlonSHS9dt+u0y6SUD40PZdPVTuKo2UYhUpzAGPOo8SPFeSwxu6dahIbixuMH/VBc3SbpvDpqPHp6pNLkr1hbKgjyHOuP032havb3JlupFuIWOCjjAHoRyriNMkZLKW4nY/8Ry4AP4cnGPX+ayXJIj48MeI7HxqC/8AQddtNbtettXHWL/kiLAsp/rzqUIyPWvzt0c6RXGlahFeW7lSh7aHlIO8Hyq9dC12y1vThe2kq8A2lVjvGe8GgrD2hrNFayyxKkpsZUEiDZupk41/VlH0qujb6VcydcbzgkVSSpiYnI/Dtz9asnTmsekkOu6vqF/FFZ6ldqiLx8JRIc8O5/NxZ+dbmj2XQAXYsbL3U3zvw8GSJGOO4Hc7d9ZzKY+m2UvJ+/60fZ5Yxi3Ot54bOBHW3V2xk57cjE7AkAADura1tL3UOmNjPqJYRIxEQXPAPSt3pHoek6NY3sttaTiOezkhENu5CnO5wvIMfGpRLiJeji3EkUscMRQqsikOg2Bznfxqcl8p6dcM8b7RHSXQ5dRuxNG7BMgAHdRjxB51LdEtNkheRJorVZeEhHt4yg+a5rct7u3uOF7Y9ZC/eDyNS+kQhZZHHhis8JvJty2TFJoMKB4bV9UFK9TwFKUoFKUoFKUoFKUoI/WtItNZs2trxMjmrjmh8RVPdItButAuequow8RP/CmUHDAfz5VeNa97ZwX1s9vdRLLE4wVaiqBkmwYZCx2JB38a8c8UkxI4j1yYOd9sff3mum6YdD7vRma7tOO4ss8yMmIef91yfWcLT5QNurhSe6gzzYZgAwzxYHy/b7+cVekrewy4CuYXKjG/f9eVSSyghZEBIDbb/wA1oTRtLqTOxGERYhjvJ3J/UCg9vwYo7WzXBUqCxz3bfSsl6B7uw4SCvLbcCtPW5Or1WNfzKBjlW+qE2p4s42zkZI8/vxoOdYTRyAgMAd1PLaui6IR9ItTOoWOl3HU290ot7uQb8EZxkjH4sHAqCvlb3JlOzQuYyR3qd1rFoup3+lSyy6fdy23WAB+rwOIjlsa5q4637foDROj9no2nR2tpZMyIeIGQgkt3n15V5q3RrS+kMsE9zE1vqVqweKZDwyrjuyOYquNO1rpBb2WmrYX0s9xJLHcXRuHzlZGIWMA92EY/MVb1rKbqDMqBJl548aws1Xol3GHU7g2lg1w8YkaFeLh23I7xXCahqesdJFeKOW2htyezCJcMf+499dT02ldOi+pupxJHCSMeWKrjSTYcUc7szSBS2OLABri2tuPU7TOlR3uh31uLrCxStghXyCasvo1I9xZNcSLwh3IUf9Iqlb3Vbi/v4zMx4IxlFXkPD9K7vRenggWO1mtP+XiQIjht2wOdacWPvbHnzlmosalc3bdNdFlcI85hbOO2Ns+tdBBNFcRLJC6uh5MpyK9DyslKUoFKUoFKUoFKUoFKUoPGUMCCAQRggjnXA9KfZ5Fdyve6K6QTEdqBh2G9D3H9K7+lFfnS4sLjTG92vY5IpYpD2WGDnO1YxGFIbAyz777mrQ9qumCSCwv40HGJxFIccwQcfrVbNC0d+0RO6E8vGggelIKatYFl4eIY+/1qdjjL2u4GApJxzqN6UR9ZLpsg3xMFPz2qYgVRFwggcRwcfz/XhQQMCRt/4hGd90bBrQ0vTpb2aZE36sA4xzqR06CZdR1HrEwjL3jOSc4GPlXU9F9M6pkbh7QlyxxzBrmrG7baFImsW0qE4ltUkhHcXiOWT5qxI9KsuwkVmGDsyA1CanptzNo/HpmE1C0YXNp3Auv4T5MMqfI1j6P69Z6xBBe2KPEHLxzW7jDW8y/EjeHeR5VnnPrbDL4mekVj79pF9bJningdBjxIOK/OFpLNJACCcsu4zjHqa/Ti5kXY5x3iuI1fTtH6Ktd67f2ULW6KFt4Iosu0jHfyGdvTeuZ3pb0rK0l4BwsRxtue/hXurfgchGCjYDbBziopRK9xdXc0SK1xM8zxx7BCzZ4R6ZxWWBRO6YdkYHYDkfUcv6xW0mmNu0jatI+oKRjq+QPMNmuw6LXM8d/G6syhpMDfYDOK5ZAtrEWcniK4CjfIyADjxzUhpUpju4zMe2DsinIj/s+dVyvMbhTz2r2tewkSazgkhYtGyDBPOtiqhSlKBSlKBSlKBSlKBSlKDR1qwXUtNntWx2wCue5gQVP1Aqj9VXh16ZerYcMzBt+W5q/qoDXmzr12wzxi5fYnb4j30VHayq+4xyAcJSRHOd9g2Tnw2/StmQtI6wWkbMzYxg7D7x+lZLmNLixljOSGXHDw8s93+6lfZtCs8ylxmRNiT3Hv/WoNvQujswvojcRjhD8RJHxt4+QHcK6u10lYrm6iC9r40Pkd/wB66GK0VWD4GedeXiCOaK5Ucuy3mKixg01g6ENzHZb1rlOlvRqW0uT0l0GRYrsMvvdqzFY7oA44iR8LgHn31090fc7uOZf8MhwfWsmpR+9aReIgLF4i6jxIGf4qXpce2DQrw3VujlHjYjeN2BKnwONjUje20NzA8NzEksTjDo65DD0rjOiU5e41OfrsRwpCdzgAniH8V1k9+kVsZGIIA3PhWO3ozn61FQdItCFte3ttZEmOJwY0Y5IGOXmf4rn9Pu47fiuJxiONTsOfoO/NdfqF01xqM1yxxxPkDvP3ioTXLNbmO4NtDiVwGbhXHF44Hj+9bzdk289klumCKaaa1imkOJpDxM2ACBjYA93PnUpYyoMBUJXIGBsPmTuTUJ1gSSK2Us3DEF6tfPx78bVI27OQpadUyDnhXi3Hry5V05XX0SmE2iQcOMJlQByG/wDupmuJ9md4ZLSe3ku+tKkMkZj4So8fOu2ohSlKBSlKBSlKBSlKBSlKBX571Zw+oXJXOGmclvE8Zr9Aytwxu3gpNfni8frJ5nJAVpCSR68vnRW1buXQgEEEZ4duVTHQaUWurMu2Hcn9q5+ybiOH27hsc57qk9Ok92v45BgYIbhzsN/2qC6YjxIp8RXksYlhaM9/I1r6bMJbZCD3CtzkaCLaIXVo9u47S7ehrBo9yTG0T/GmQa2rzNvcJMPgk2byNaCr1WplQcK/bQj9alWK4lsryPQek1pCr8Zu1iKod+FeNtvqtY7LpDf3ejW9reuGlRFE0ifjP34c6sFLdrKf3m4ccBleVjjGchQv6A/WuE6YabFZwWupW6GOe6kk61Pwkg5GB3d9cyR1llb7a3afPLIHZ/6vP9a8lLJOhB4SVzxHnnb5d4rTsp3kPxjH5RvnJ8/Wt2VC3Azf5MnIx3ffdWjhq32npPddfaYjuGGWXi2Ygc/I1r2cbFjG5KsvMHYj1qTlLNxMqr3HI8PH9R9a+Hjt55FeUlXXdZV548G8RQdf0Av+p1NYWQhJl4c45Hu3/irKFUjoqrbXtvNDO6FWDYB5/eOVXZGwdFYHIYZFB9UpSiFKUoFKUoFKUoFKUoNXU5Oq066k/LE5/wDia/OzkKVZhlmwAcZP7eRq9um9z7r0YvmU9t4+rX5/6zVEyrwKWCtg9kAnny+/l51FLSUdacjz2OaloOw8UznIzgjHng1BJMEfu7ROST4Ej+KmIwJbdl7PZXiyf4oLY6MXPFaIDzFdBnOa4ToJc+9aWFDjroSV8jXaRSFvi2oPbmJbiB4m2DDGaiEDNLGsmBJG2GzU0SK1rqHilS4QbgjiHjUETrSF5reAtkuTk/lAx/dc37ULdYtJ07h7KxT435YKn+q6y4US3sTZyFH3+1cx7WwW6JyzLs0Th/0I/miqj02/WeRgjlJFPEp8V3xn5c6n7S+5RT5Deuxz3+lcbYDq7q6MbDskKu2dgBtUtY36TgBlBKHcHYg/1VR2B7UROBljnOdvv9f5xs7eIYKcHIH34VH2F6qxBCSTvwjOMff8VuF8qCODfw3BqjG9y1rBJIoJVZB2ccsc/nuauLoZqh1TRYzIMTQ4jfzxyPzFU5dRh4AgRuBnBBzktVgeyuT/AImowoSUQR7ls770Fg0pSiFKUoFKUoFKUoFeGlKDi/ahIy6PbRg4V5+18lNVDP8A418yR9QTSlSqi2cqVHPPCTnxwKmrOZxc2y7ESEK23cdq9pQTvswupRqd/Dxdhbl0A8gFP/2NW7GOVKUGUjavlDkkHlSlBoSRrFd4QYBFc77R0V+hurKwyBbsw9RypSoKHT/zV2nd7w5z38zUeszxahG8ZwX50pXQ6i1ndZAAe6ugtwBwZ3xnc8/valKg9DcR3AwFJx9P7qwfZTGvV6rLjttKgJ8uGlKo76lKUQrw0pQf/9k='),
	(25, 'uncomptevraiment', 'uhfuhfeklfbegfhj', 1, 0, 'data:image/jpeg;base64,/9j/4AAQSkZJRgABAQAAAQABAAD/2wCEAAkGBwgHBgkIBwgKCgkLDRYPDQwMDRsUFRAWIB0iIiAdHx8kKDQsJCYxJx8fLT0tMTU3Ojo6Iys/RD84QzQ5OjcBCgoKDQwNGg8PGjclHyU3Nzc3Nzc3Nzc3Nzc3Nzc3Nzc3Nzc3Nzc3Nzc3Nzc3Nzc3Nzc3Nzc3Nzc3Nzc3Nzc3N//AABEIAJQAlwMBIgACEQEDEQH/xAAcAAABBQEBAQAAAAAAAAAAAAADAAQFBgcCAQj/xAA6EAABAwMCBAQDBgUDBQAAAAABAAIDBAUREiEGEzFBIlFhcQcygRQjkaGx0RVSweHwQmLxQ1Ryc+L/xAAZAQADAQEBAAAAAAAAAAAAAAACAwQBAAX/xAAiEQACAgICAQUBAAAAAAAAAAAAAQIRAyESMUEEEyIyUWH/2gAMAwEAAhEDEQA/ALuxGYhxtRmBNZEdtRQuAF21caBrquOipJKmX5Y27D+Y+SpRMtwqn1VQSZHHOD0aPIKQ4orTUXBtFGcxwgOf/wCRQKRmAD0UmWduj0fT4+KsNTwY7KQhgB6oUQBA/RP4GdEgfYmwDGy7MO3RPGR7L10YC2gbIuWEY3TGWHOfJS9QwJk9u5QsNEHW0uceFVu4UunJA7q5VXf2Vfr29fD7rovZrY14QvzrPXtpZ3E0M58Wr/pu/m9vNagSMDSVi1wjxq0jIzlaPwPdf4lY2NlcTUUx5UmepH+k/h+itxSvRB6nGl8kTzu6A9OCgvGVQiNjZyS9eCktAHDAjMC4YEdgQDUj0BekhjHOd0AJP0XWE3ux5dqq3dPunb/RY3oKMdlFhcamolqJM6pXueT7nopCIbgBNKFuWjpjCfMwCvPk7Z6i6HtOFI0+MhR0ByQn0Jw5YcSkbcgL2QDCHE44G6T39itBGk6aubnKczFN3O2Jb+aFjERtU0EnKiK6LbpspypacOyFDV5LI8brF2ayq14G6lvh5UmnvklPk6KiI7eren6lRlYQSV5wtNyuLLZ5OkLD9WlU43snzK4s112yGd0Q7rkhWnmgHhJduCS6waCsCMwIbBsjR4yM9EIxI6amPEZxYqvz0FSrsSbAYx1KieJhiw1v/rQS6GR+yKbR9k9EjWjdMqEZg9VHXSaeeYUkJLSfmOegUNWz0SSm4loaGURvl1vxk6R0RYeNLYXjU/SO5Kr7OHqMMJnlfq7nKYVfCtG/xR3As2+V5ARpwNcWaZQcTW2pYHQzscOmFImqZM3U1YjDZHUs+pszn4OxaVfeFqid0fLlkD98EE7/APCCUl4NWN9lvDmO3P4lRdyu1FR6jNK1oH0QLxXupad2XDI6n0WXXgy3WZ7jI7RnYNWRab2bxdaLvVcZ2puQZc+oCi6niqgmDW52z1VfoOD5qpofJKWtO43H6J1LwxTRR6XTHI3zhNXti2pnlVO17tTHhzHfKQubA7PE9r8xVMUVU0z6GXDCTF0Upwx4uJLU4/8Acs/VHBb0BO+Ls2o7gJY2XYC9wAQSNlXZ5tDd2PVJOJgJT4NgO5SXWdR40IzGriMI7AgDAXKpNDbamq06uTE54b5kBZ+zi2puFsqIZTHNzGFpGnSWkrQLqzmW2pYejoiDsswuFobSh74By5wQM567JGaTTVFvpoRlF2TFsiJg+iDWUDYJHTkZJHZOrS8fZ2Z6kDKknNEgw4AqVso6Zmt8qqxtY2HQ5sbz88gOhg/mI7qHrJLwx1ZTwzSzBkrWxSRg4Ld9w0DBzt7fitZfQskcNQBx5rp9picMYa0bHYDbCZjmkqo6Ub8lEhtrqaemfFOZ9bWmURt8Ubsbg9nD81bqWFkFXG+PVlzRqHYbJ0KJlMHcs48zjBKADiXI7nqlz2xqTqhtx4A62Ex7ZIzjyVLpaGaqcGwtJwdy7wsaOuSRufYK48WgmiGD37plw1VOZG6OM4DxghFGgWnRT+I4au3VVRTwS82JscZZLGAxpJ+bbBz3GCU2mmrrdTUkn2t8vOZmSMjdhWpVFtZVRYcyM538QGfdRNRwwxwGdJaTnAbgJsskeqEqFPsqop31sWtzBuM4XFNVfweupq7l63U0geGZxkjorlHQR08JY1oVN4jjHJlGcAHqFkJbOkrLvwJxrW3q8OoLjHES6Nz43RNxpx29Qr+Rtsse+FlO93E0MjG4Y1jxnz2WyubgKqErRJnxqEtDaTOnT2zlJdvC8RE9BGBGYhNR2DZYadPjEkbmOGzgQVQKymM1PU6z99G/B+i0IYxuqLxVHNbrnPMxmuKcB5b39x+yRmV7LPTSqTRH2eTTGAcZCmY3asY7qm264tfcaiNpGkSHHsd/6q3ULg5jSCp6KiQijyN8IzYAeiUDgSdI2XtTUsjaSOo/JbpHbY1roo2073v7BVqmc+V75X5ZGD4R6J9eax76OWXcRsG/sqjXX+r5wp7dQ8+IDU+QvxgeSBbeh0VSLRxRRk2oPc7bGVV+F5nR3F1K7BB3aSvOIuKKh9s5Ohrw4AaWndMrVcWsNFO+IRu5gGHH5gUXgz+GoQxnS3bsu5YwW4wF1TTxyQtII3GwK9ldtvt6rLFtEBcAG6sbDCz/AIkOrw56uCvd8nEcbiBjHbKzW91POnDcnGcpmNWwJaNA+ENNzKutm0+GCMNB9Xn/AOfzWnPb1VU+FdpfbuGGzTN0yVj+dg9m9G/v9VbXBVQVIhzy5TsaPG69RHhJGJPGIrUJiM1YcEamN9tjbnQuaMCaMF0TvI+X1T4dl21DJWqGRbTtHzyXSUfEtXBI1zX6g5zXDBacDI/HKvNpqwWNbkdPxUb8XIG0/FtJUBuGT0oDj6td/dDtMh0t37qfLGi3FPki6QzhjfMJvNK2R2qRw0DfTlRVyr/s1ISwgvA6FVN13qJaxznyGRmnbfGp37KZXIo0i0Xm600dJIyR4c0/VuP6qAoJaaiimnaxgbpLhGB+qZiAT6JKmfDSQ9zScZG235KUZQWqeEtqJXAOHVvQJySQXGcuhpVUFIaJ0zmj7S+MymPodP8AYlQllpqV9fH9oLiRuDkkN/ZXOeW2aM8zmTMGlpb2H1VXuNFAHSTU0wY5xyQDjy/b81tpqgXCcdsvdFUxxtaxjw4DpunstWJItuiy8XCVsjQ17g5pxkdwp6w3l9Q58Mx3AyCO57pUsbjtHc1I84kri0YB3UVwTYG8UcURwTE/ZoWmWoA7jOAB7lCvsjpZ3t6gFXf4HQgm9VJaNWqOMHuNiSFThWrJc8jUBG2JjY42hrGgBoHQDyQnIzkJyeRsC9JJ69WgA2IrUFhRWnyXHBWnC7jAHRDbuitWMNGd/GijkNvt10YWmOlm0SjG+H4A391T7PUh5a0Avydh0wtm4htcV7slZbpWBwnjIaD2cNwffIBXz5a5pKCqlo6vU2eKQslHTSRt/RKyq0PwyrRfakR1FA4THDYsuLj5Y6KNt3D8BppJ6qKOVswy0OG7VzWXBjKHSxj/ABDx9iB2KHYbxqhEU3MBz4ARnb1KjSaRbGSsUfDtPDJr5Yc0dic4CfCyW37P97NLC4fMS7ZPpqGSUc2GXT0OB5dVWbtHdP4jA0wTTU4wex3yRnr7JkJ8h7zSiiSfaLOBpZWTFx32fndQdZZYzI5jXTMOcA6t0+mjuFRMGMgdHoOXyaRgDyTiOkmfoc5z3MaXYcfIopS4g+7z8EbQcPQFhe50jpM+EvdnBTmG2fY2vrC8PbI3DexBQ7xdPsY0QuY4kduxCaUVz+12lrNRDmEh3+eyCpNWJco2R9xk1B785znJC1z4N0bqbg/nv0k1U75Q4DcjoAfwWOGGS53GC20e0k8mgN9/7L6StVJHbrbTUUTdLII2sA27D0VeNVEiyyuVDhyE7oiuQHndGJYJ252SSJz1390loIMdERm+6GxEauMDNRG9UJqI3qsYQZq+b/iVTOoeNLrNCcMfUZOOxIBX0eFinxJpGTcSXQluWtcw/jG1BKVIbjVsoklykqYGh8pGkdNt06tFxfHPzXSEHKgqqndTyeE+Bx2K8ie4OG+wW8U0M5NGi2681Ty7Dg1r8AgjY+eP89VNUtaagRmVo5IJBceuPT8VndHdmw0pia0HGC0+yfC/6cNweXg5b/n0SXjp6HLJouddc43U7o5XBvKHiwcZd6+YUPcLny4JGU7ztu0Z226/koE3VnKc3fxevUeqjJrgS5x174zvvuu4Wd7mgddUa3GUO+YnIKZxVMkXyuAHkFxM8SeMfLjBb5LiFjp3huDhOUUkJbbZqfwMt0VberhdKljXvpmNEBIzpLtWSPLbZbU5ZZ8DI+XT3YeT4x9MFakdkQmWmcSHDSgO3RXFCf0Wi7BOOElw8r1aYeNKK1CajNC4xHbUVqGF1raxpc9zWtaMuc4gABYGgwWY8W07X8XV4OPvGxk5H+wD+ib8WfF5tJVGh4XghrZGnDqqTLo85x4QPm91F2+51tzvMtVcntdUzMbrMbdLdmgYA7JWZUh2FO7IG+WExyOPK8HUkbj3VSqacxk6Blg7lbk+lbNBpI8Pp2VLvnDRD9dO0bOzsdkqGX9HONmcjI+Ze74zr2VhqbM7Phbs3qmr7O86msYRjfI7hN9xA8GROXY+c+mUN3qTn0Ut/CS0+PXjOOnVJ1AP9LDnvkLVNHcGRcQe53TClaGj8JkbkNHbyR4LaX6Se3dScdPymaWnYbZQynZqj+l/+CZwy7j/AHx/oVpjisE4e40k4NdVvgoGVcM5brBkLHMxncbHzV94V+KFr4huEVufTT0lXMSIw/DmuwCeo9k2PRPNOy8lyE8r1xQXuRUKYORySFI5eoqAsctRWpJIQjsHxAeazf4511TT2a30sEz44p6hwlDTjWGtyAfTfokktj9jUZPw1CyeqL5RktAI+qvcX3dwj0bZbuvElJnfzZdj+pcaJx0AdtK4rY24Axsd0kkkIhaumiw/w9VGCFgcRjbCSSENDOqiYTqxuFHyNGkpJIkad0zBt3R6poazAHUJJIgWV6qAMzs7juD3TaxTOtPEMdZSACWmmDo9QyPLf6Er1JV4NsmzfU+lYJHTQRyOwC5oJA6bjK4lOEkk3ySeBrK4pJJIhbP/2Q==');

-- Listage de la structure de table fluck_damien_expi1a_rdvartiste_164_2024. t_creation_compte
DROP TABLE IF EXISTS `t_creation_compte`;
CREATE TABLE IF NOT EXISTS `t_creation_compte` (
  `id_creation_compte` int NOT NULL AUTO_INCREMENT,
  `Fk_personne_compte` int DEFAULT NULL,
  `Fk_compte_personne` int DEFAULT NULL,
  `Date_creation_compte` timestamp NULL DEFAULT NULL,
  PRIMARY KEY (`id_creation_compte`),
  KEY `Fk_personne_compte` (`Fk_personne_compte`),
  KEY `Fk_compte_personne` (`Fk_compte_personne`),
  CONSTRAINT `FK_t_creation_compte_t_compte` FOREIGN KEY (`Fk_compte_personne`) REFERENCES `t_compte` (`id_compte`),
  CONSTRAINT `FK_t_creation_compte_t_personne` FOREIGN KEY (`Fk_personne_compte`) REFERENCES `t_personne` (`id_personne`)
) ENGINE=InnoDB AUTO_INCREMENT=7 DEFAULT CHARSET=utf8mb4 COLLATE=utf8mb4_0900_ai_ci;

-- Listage des données de la table fluck_damien_expi1a_rdvartiste_164_2024.t_creation_compte : ~16 rows (environ)
INSERT INTO `t_creation_compte` (`id_creation_compte`, `Fk_personne_compte`, `Fk_compte_personne`, `Date_creation_compte`) VALUES
	(1, 19, 6, '2024-06-07 07:50:18'),
	(2, 31, 2, '2024-03-11 15:33:12'),
	(3, 3, 3, '2024-03-11 15:33:22'),
	(4, 4, 4, '2024-03-11 15:33:31'),
	(5, 11, 5, '2024-03-11 15:33:40'),
	(6, 8, 1, '2024-05-19 15:26:29'),
	(7, 7, 25, '2024-06-07 07:38:15'),
	(8, 6, 24, '2024-06-07 07:39:09'),
	(9, 1, 9, '2024-03-11 15:32:54'),
	(10, 24, 10, '2024-06-07 07:51:15'),
	(11, 2, 11, '2024-06-07 07:51:55'),
	(12, 30, 12, '2024-06-07 07:52:17'),
	(13, 5, 13, '2024-06-07 07:52:28'),
	(14, 10, 14, '2024-06-07 07:52:54'),
	(15, 32, 16, '2024-06-07 08:39:25'),
	(16, 29, 15, '2024-06-07 08:40:16');

-- Listage de la structure de table fluck_damien_expi1a_rdvartiste_164_2024. t_declination_evenement
DROP TABLE IF EXISTS `t_declination_evenement`;
CREATE TABLE IF NOT EXISTS `t_declination_evenement` (
  `id_declination_evenement` int NOT NULL AUTO_INCREMENT,
  `Fk_personne_evenement` int DEFAULT NULL,
  `Fk_evenement_personne` int DEFAULT NULL,
  `Date_declination_evenement` timestamp NULL DEFAULT NULL,
  PRIMARY KEY (`id_declination_evenement`),
  KEY `Fk_personne_evenement` (`Fk_personne_evenement`),
  KEY `Fk_evenement_personne` (`Fk_evenement_personne`),
  CONSTRAINT `FK_t_declination_evenement_t_evenement` FOREIGN KEY (`Fk_evenement_personne`) REFERENCES `t_evenement` (`id_evenement`),
  CONSTRAINT `FK_t_declination_evenement_t_personne` FOREIGN KEY (`Fk_personne_evenement`) REFERENCES `t_personne` (`id_personne`)
) ENGINE=InnoDB AUTO_INCREMENT=6 DEFAULT CHARSET=utf8mb4 COLLATE=utf8mb4_0900_ai_ci;

-- Listage des données de la table fluck_damien_expi1a_rdvartiste_164_2024.t_declination_evenement : ~2 rows (environ)
INSERT INTO `t_declination_evenement` (`id_declination_evenement`, `Fk_personne_evenement`, `Fk_evenement_personne`, `Date_declination_evenement`) VALUES
	(4, 4, 4, '2024-03-11 15:37:24'),
	(5, 5, 5, '2024-03-11 15:37:32');

-- Listage de la structure de table fluck_damien_expi1a_rdvartiste_164_2024. t_declination_materiel
DROP TABLE IF EXISTS `t_declination_materiel`;
CREATE TABLE IF NOT EXISTS `t_declination_materiel` (
  `id_decliantion_materiel` int NOT NULL AUTO_INCREMENT,
  `Fk_personne_materiel` int DEFAULT NULL,
  `Fk_materiel_personne` int DEFAULT NULL,
  `Date_declination_materiel` timestamp NULL DEFAULT NULL,
  PRIMARY KEY (`id_decliantion_materiel`),
  KEY `Fk_personne_materiel` (`Fk_personne_materiel`),
  KEY `Fk_materiel_personne` (`Fk_materiel_personne`),
  CONSTRAINT `FK_t_declination_materiel_t_materiel` FOREIGN KEY (`Fk_materiel_personne`) REFERENCES `t_materiel` (`id_materiel`),
  CONSTRAINT `FK_t_declination_materiel_t_personne` FOREIGN KEY (`Fk_personne_materiel`) REFERENCES `t_personne` (`id_personne`)
) ENGINE=InnoDB AUTO_INCREMENT=6 DEFAULT CHARSET=utf8mb4 COLLATE=utf8mb4_0900_ai_ci;

-- Listage des données de la table fluck_damien_expi1a_rdvartiste_164_2024.t_declination_materiel : ~2 rows (environ)
INSERT INTO `t_declination_materiel` (`id_decliantion_materiel`, `Fk_personne_materiel`, `Fk_materiel_personne`, `Date_declination_materiel`) VALUES
	(4, 4, 4, '2024-03-12 15:43:41'),
	(5, 5, 5, '2024-03-12 15:43:31');

-- Listage de la structure de table fluck_damien_expi1a_rdvartiste_164_2024. t_evenement
DROP TABLE IF EXISTS `t_evenement`;
CREATE TABLE IF NOT EXISTS `t_evenement` (
  `id_evenement` int NOT NULL AUTO_INCREMENT,
  `Nom_evenement` varchar(50) DEFAULT NULL,
  `Lieu_evenement` varchar(50) DEFAULT NULL,
  `Date_evenement` timestamp NULL DEFAULT NULL,
  `Description_evenement` varchar(50) DEFAULT NULL,
  `Nom_sponsor` varchar(50) DEFAULT NULL,
  PRIMARY KEY (`id_evenement`)
) ENGINE=InnoDB AUTO_INCREMENT=6 DEFAULT CHARSET=utf8mb4 COLLATE=utf8mb4_0900_ai_ci;

-- Listage des données de la table fluck_damien_expi1a_rdvartiste_164_2024.t_evenement : ~5 rows (environ)
INSERT INTO `t_evenement` (`id_evenement`, `Nom_evenement`, `Lieu_evenement`, `Date_evenement`, `Description_evenement`, `Nom_sponsor`) VALUES
	(1, 'Concert Effeiel', 'Paris', '2030-03-11 15:24:05', 'descrpition très original', 'Ville de Paris'),
	(2, 'Concert Abeille', 'Ruche', '2025-03-11 15:25:59', NULL, 'MielPops'),
	(3, 'Concert incroyable', 'Lausanne', '2029-03-11 15:26:57', NULL, NULL),
	(4, 'Concert de ouf', 'Yverdon', '2026-03-11 15:27:36', 'Un truc de dingue YEAH!!', NULL),
	(5, 'Concert 69', 'Marseille', '2031-03-11 15:28:42', 'ENORME', 'Migros');

-- Listage de la structure de table fluck_damien_expi1a_rdvartiste_164_2024. t_materiel
DROP TABLE IF EXISTS `t_materiel`;
CREATE TABLE IF NOT EXISTS `t_materiel` (
  `id_materiel` int NOT NULL AUTO_INCREMENT,
  `Nom_materiel` varchar(50) DEFAULT NULL,
  `Quantite_materiel` int DEFAULT NULL,
  `Couleur_materiel` varchar(50) DEFAULT NULL,
  PRIMARY KEY (`id_materiel`)
) ENGINE=InnoDB AUTO_INCREMENT=6 DEFAULT CHARSET=utf8mb4 COLLATE=utf8mb4_0900_ai_ci;

-- Listage des données de la table fluck_damien_expi1a_rdvartiste_164_2024.t_materiel : ~5 rows (environ)
INSERT INTO `t_materiel` (`id_materiel`, `Nom_materiel`, `Quantite_materiel`, `Couleur_materiel`) VALUES
	(1, 'Barre en metal', 10, 'Noir'),
	(2, 'Hache', 1, 'Rouge'),
	(3, 'Guitare', 4, 'Rouge'),
	(4, 'Haut-parleur', 6, 'Noir'),
	(5, 'Micro', 4, 'Gris');

-- Listage de la structure de table fluck_damien_expi1a_rdvartiste_164_2024. t_modification_compte
DROP TABLE IF EXISTS `t_modification_compte`;
CREATE TABLE IF NOT EXISTS `t_modification_compte` (
  `id_modification_compte` int NOT NULL AUTO_INCREMENT,
  `Fk_personne_compte` int DEFAULT NULL,
  `Fk_compte_personne` int DEFAULT NULL,
  `Date_modification_compte` timestamp NULL DEFAULT NULL,
  PRIMARY KEY (`id_modification_compte`),
  KEY `Fk_personne_compte` (`Fk_personne_compte`),
  KEY `Fk_compte_personne` (`Fk_compte_personne`),
  CONSTRAINT `FK_t_modification_compte_t_compte` FOREIGN KEY (`Fk_compte_personne`) REFERENCES `t_compte` (`id_compte`),
  CONSTRAINT `FK_t_modification_compte_t_personne` FOREIGN KEY (`Fk_personne_compte`) REFERENCES `t_personne` (`id_personne`)
) ENGINE=InnoDB AUTO_INCREMENT=6 DEFAULT CHARSET=utf8mb4 COLLATE=utf8mb4_0900_ai_ci;

-- Listage des données de la table fluck_damien_expi1a_rdvartiste_164_2024.t_modification_compte : ~5 rows (environ)
INSERT INTO `t_modification_compte` (`id_modification_compte`, `Fk_personne_compte`, `Fk_compte_personne`, `Date_modification_compte`) VALUES
	(1, 1, 1, '2024-03-11 15:34:11'),
	(2, 2, 2, '2024-03-11 15:34:21'),
	(3, 3, 3, '2024-03-11 15:34:36'),
	(4, 4, 4, '2024-04-11 14:34:45'),
	(5, 5, 5, '2024-03-11 15:34:56');

-- Listage de la structure de table fluck_damien_expi1a_rdvartiste_164_2024. t_personne
DROP TABLE IF EXISTS `t_personne`;
CREATE TABLE IF NOT EXISTS `t_personne` (
  `id_personne` int NOT NULL AUTO_INCREMENT,
  `Prenom` varchar(50) DEFAULT NULL,
  `Nom` varchar(50) CHARACTER SET utf8mb4 COLLATE utf8mb4_0900_ai_ci DEFAULT NULL,
  `Date_Naissance` timestamp NULL DEFAULT NULL,
  `Mail` varchar(50) DEFAULT NULL,
  `Telephone` varchar(50) DEFAULT NULL,
  PRIMARY KEY (`id_personne`)
) ENGINE=InnoDB AUTO_INCREMENT=8 DEFAULT CHARSET=utf8mb4 COLLATE=utf8mb4_0900_ai_ci;

-- Listage des données de la table fluck_damien_expi1a_rdvartiste_164_2024.t_personne : ~33 rows (environ)
INSERT INTO `t_personne` (`id_personne`, `Prenom`, `Nom`, `Date_Naissance`, `Mail`, `Telephone`) VALUES
	(1, 'Theo', 'Thiste', '2004-03-06 09:05:35', 'theo.thiste@lol.ch', '0798763456'),
	(2, 'Leza', 'Rabe', '2000-03-06 09:07:11', 'lesa.rabe@bombe.ch', '0317774693'),
	(3, 'Lair', 'Sucite', '2001-03-06 09:08:30', 'sucite.laire@contrelesucide.ch', '0417787640'),
	(4, 'Jean', 'Cultamer', '2000-03-11 15:07:41', 'jean.cultamer@onlyfan.com', '0417709654'),
	(5, 'George', 'Sauciflare', '2010-03-11 15:08:03', 'george.sauciflare@saucisse.ch', '0917798753'),
	(6, 'Jade', 'Orlabite', '2010-03-11 15:48:55', 'jade.orlabite@xxx.com', '0779874565'),
	(7, 'rtzwtzr', 'wrtzwrtz', '2003-05-19 14:49:08', 'wrtzwrtz', '876345'),
	(8, 'Nulos', 'Prout', '2024-06-07 08:28:18', 'jfrhufr@gmail.com', '0876546'),
	(9, 'Jean', 'Dupont', '1990-01-01 07:00:00', 'jean.dupont@example.com', '0123456789'),
	(10, 'Pierre', 'Durand', '1991-02-02 08:15:00', 'pierre.durand@example.com', '0234567890'),
	(11, 'Jacques', 'Martin', '1992-03-03 09:30:00', 'jacques.martin@example.com', '0345678901'),
	(12, 'Anne', 'Robert', '1993-04-04 09:45:00', 'anne.robert@example.com', '0456789012'),
	(13, 'Marie', 'Leroy', '1994-05-05 11:00:00', 'arie.leroy@example.com', '0567890123'),
	(14, 'Sophie', 'Moreau', '1995-06-06 12:15:00', 'ophie.moreau@example.com', '0678901234'),
	(15, 'Bertrand', 'Simon', '1996-07-07 13:30:00', 'bertrand.simon@example.com', '0789012345'),
	(16, 'Carole', 'Bernard', '1997-08-08 14:45:00', 'carole.bernard@example.com', '0890123456'),
	(17, 'Luc', 'Thomas', '1998-09-09 16:00:00', 'luc.thomas@example.com', '0912345678'),
	(18, 'Émilie', 'Petit', '1999-10-10 17:15:00', 'emilie.petit@example.com', '0123456789'),
	(19, 'Julie', 'Richard', '2000-11-11 19:30:00', 'julie.richard@example.com', '0234567890'),
	(20, 'François', 'Lefebvre', '2001-12-12 20:45:00', 'francois.lefebvre@example.com', '0345678901'),
	(21, 'Catherine', 'Girard', '2002-01-01 21:00:00', 'catherine.girard@example.com', '0456789012'),
	(22, 'Michel', 'Gauthier', '2003-02-02 22:15:00', 'ichel.gauthier@example.com', '0567890123'),
	(23, 'Isabelle', 'Berger', '2004-03-02 23:30:00', 'isabelle.berger@example.com', '0678901234'),
	(24, 'Laurent', 'Rousseau', '2005-04-03 23:45:00', 'laurent.rousseau@example.com', '0789012345'),
	(25, 'Élise', 'David', '2006-05-05 01:00:00', 'elise.david@example.com', '0890123456'),
	(26, 'Bruno', 'Blanchard', '2007-06-06 02:15:00', 'bruno.blanchard@example.com', '0912345678'),
	(27, 'Christine', 'Noël', '2008-07-07 03:30:00', 'christine.noel@example.com', '0123456789'),
	(28, 'Denis', 'Fabre', '2009-08-08 04:45:00', 'denis.fabre@example.com', '0234567890'),
	(29, 'Anne-Sophie', 'Clement', '2010-09-09 06:00:00', 'anne-sophie.clement@example.com', '0345678901'),
	(30, 'Jérôme', 'Marchand', '2011-10-10 07:15:00', 'jerome.marchand@example.com', '0456789012'),
	(31, 'Valérie', 'Mercier', '2012-11-11 09:30:00', 'valerie.mercier@example.com', '0567890123'),
	(32, 'Alexandre', 'Dupuis', '2013-12-12 10:45:00', 'alexandre.dupuis@example.com', '0678901234'),
	(33, 'Aurélie', 'Lefevre', '2014-01-01 12:00:00', 'aurelie.lefevre@example.com', '0789012345');

-- Listage de la structure de table fluck_damien_expi1a_rdvartiste_164_2024. t_reservation_evenement
DROP TABLE IF EXISTS `t_reservation_evenement`;
CREATE TABLE IF NOT EXISTS `t_reservation_evenement` (
  `id_reservation_evenement` int NOT NULL AUTO_INCREMENT,
  `Fk_personne_evenement` int DEFAULT NULL,
  `Fk_evenement_personne` int DEFAULT NULL,
  `Date_reservation_evenement` timestamp NULL DEFAULT NULL,
  PRIMARY KEY (`id_reservation_evenement`),
  KEY `Fk_personne_evenement` (`Fk_personne_evenement`),
  KEY `Fk_evenement_personne` (`Fk_evenement_personne`),
  CONSTRAINT `FK_t_reservation_evenement_t_evenement` FOREIGN KEY (`Fk_evenement_personne`) REFERENCES `t_evenement` (`id_evenement`),
  CONSTRAINT `FK_t_reservation_evenement_t_personne` FOREIGN KEY (`Fk_personne_evenement`) REFERENCES `t_personne` (`id_personne`)
) ENGINE=InnoDB AUTO_INCREMENT=6 DEFAULT CHARSET=utf8mb4 COLLATE=utf8mb4_0900_ai_ci;

-- Listage des données de la table fluck_damien_expi1a_rdvartiste_164_2024.t_reservation_evenement : ~5 rows (environ)
INSERT INTO `t_reservation_evenement` (`id_reservation_evenement`, `Fk_personne_evenement`, `Fk_evenement_personne`, `Date_reservation_evenement`) VALUES
	(1, 1, 1, '2024-03-11 15:38:27'),
	(2, 2, 2, '2024-03-11 15:38:36'),
	(3, 3, 3, '2024-03-11 15:38:44'),
	(4, 4, 4, '2024-03-11 15:38:53'),
	(5, 5, 5, '2024-03-11 15:39:02');

-- Listage de la structure de table fluck_damien_expi1a_rdvartiste_164_2024. t_reservation_materiel
DROP TABLE IF EXISTS `t_reservation_materiel`;
CREATE TABLE IF NOT EXISTS `t_reservation_materiel` (
  `id_reservation_materiel` int NOT NULL AUTO_INCREMENT,
  `Fk_personne_materiel` int DEFAULT NULL,
  `Fk_materiel_personne` int DEFAULT NULL,
  `Date_reservation_personne` timestamp NULL DEFAULT NULL,
  PRIMARY KEY (`id_reservation_materiel`),
  KEY `Fk_personne_materiel` (`Fk_personne_materiel`),
  KEY `Fk_materiel_personne` (`Fk_materiel_personne`),
  CONSTRAINT `FK_t_reservation_materiel_t_materiel` FOREIGN KEY (`Fk_materiel_personne`) REFERENCES `t_materiel` (`id_materiel`),
  CONSTRAINT `FK_t_reservation_materiel_t_personne` FOREIGN KEY (`Fk_personne_materiel`) REFERENCES `t_personne` (`id_personne`)
) ENGINE=InnoDB AUTO_INCREMENT=8 DEFAULT CHARSET=utf8mb4 COLLATE=utf8mb4_0900_ai_ci;

-- Listage des données de la table fluck_damien_expi1a_rdvartiste_164_2024.t_reservation_materiel : ~7 rows (environ)
INSERT INTO `t_reservation_materiel` (`id_reservation_materiel`, `Fk_personne_materiel`, `Fk_materiel_personne`, `Date_reservation_personne`) VALUES
	(1, 1, 2, '2024-03-11 15:45:19'),
	(2, 2, 2, '2024-03-11 15:45:26'),
	(3, 3, 3, '2024-03-11 15:45:35'),
	(4, 4, 4, '2024-03-11 15:46:04'),
	(5, 5, 5, '2024-03-11 15:46:12'),
	(6, 1, 5, '2024-03-11 15:46:27'),
	(7, 2, 4, '2024-03-11 15:46:40');

-- Listage de la structure de table fluck_damien_expi1a_rdvartiste_164_2024. t_supression_compte
DROP TABLE IF EXISTS `t_supression_compte`;
CREATE TABLE IF NOT EXISTS `t_supression_compte` (
  `id_supression_compte` int NOT NULL AUTO_INCREMENT,
  `Fk_personne_compte` int DEFAULT NULL,
  `Fk_compte_personne` int DEFAULT NULL,
  `Date_supression_compte` timestamp NULL DEFAULT NULL,
  PRIMARY KEY (`id_supression_compte`),
  KEY `Fk_personne_compte` (`Fk_personne_compte`),
  KEY `Fk_compte_personne` (`Fk_compte_personne`),
  CONSTRAINT `FK_t_supression_compte_t_compte` FOREIGN KEY (`Fk_compte_personne`) REFERENCES `t_compte` (`id_compte`),
  CONSTRAINT `FK_t_supression_compte_t_personne` FOREIGN KEY (`Fk_personne_compte`) REFERENCES `t_personne` (`id_personne`)
) ENGINE=InnoDB AUTO_INCREMENT=6 DEFAULT CHARSET=utf8mb4 COLLATE=utf8mb4_0900_ai_ci;

-- Listage des données de la table fluck_damien_expi1a_rdvartiste_164_2024.t_supression_compte : ~5 rows (environ)
INSERT INTO `t_supression_compte` (`id_supression_compte`, `Fk_personne_compte`, `Fk_compte_personne`, `Date_supression_compte`) VALUES
	(1, 1, 1, '2023-04-12 14:30:30'),
	(2, 2, 2, '2024-03-11 15:35:37'),
	(3, 3, 3, '2024-03-11 15:35:46'),
	(4, 4, 4, '2024-03-11 15:36:08'),
	(5, 5, 5, '2024-03-15 15:36:06');

-- Listage de la structure de table fluck_damien_expi1a_rdvartiste_164_2024. t_type_compte
DROP TABLE IF EXISTS `t_type_compte`;
CREATE TABLE IF NOT EXISTS `t_type_compte` (
  `id_type_compte` int NOT NULL AUTO_INCREMENT,
  `type_compte` varchar(50) DEFAULT NULL,
  PRIMARY KEY (`id_type_compte`)
) ENGINE=InnoDB AUTO_INCREMENT=3 DEFAULT CHARSET=utf8mb4 COLLATE=utf8mb4_0900_ai_ci;

-- Listage des données de la table fluck_damien_expi1a_rdvartiste_164_2024.t_type_compte : ~2 rows (environ)
INSERT INTO `t_type_compte` (`id_type_compte`, `type_compte`) VALUES
	(1, 'Administrateur'),
	(2, 'Utilisateur');

-- Listage de la structure de table fluck_damien_expi1a_rdvartiste_164_2024. t_validation_evenement
DROP TABLE IF EXISTS `t_validation_evenement`;
CREATE TABLE IF NOT EXISTS `t_validation_evenement` (
  `id_validation_evenement` int NOT NULL AUTO_INCREMENT,
  `Fk_personne_evenement` int DEFAULT NULL,
  `Fk_evenement_personne` int DEFAULT NULL,
  `Date_validation_evenement` timestamp NULL DEFAULT NULL,
  PRIMARY KEY (`id_validation_evenement`),
  KEY `Fk_personne_evenement` (`Fk_personne_evenement`),
  KEY `Fk_evenement_personne` (`Fk_evenement_personne`),
  CONSTRAINT `FK_t_validation_evenement_t_evenement` FOREIGN KEY (`Fk_evenement_personne`) REFERENCES `t_evenement` (`id_evenement`),
  CONSTRAINT `FK_t_validation_evenement_t_personne` FOREIGN KEY (`Fk_personne_evenement`) REFERENCES `t_personne` (`id_personne`)
) ENGINE=InnoDB AUTO_INCREMENT=4 DEFAULT CHARSET=utf8mb4 COLLATE=utf8mb4_0900_ai_ci;

-- Listage des données de la table fluck_damien_expi1a_rdvartiste_164_2024.t_validation_evenement : ~3 rows (environ)
INSERT INTO `t_validation_evenement` (`id_validation_evenement`, `Fk_personne_evenement`, `Fk_evenement_personne`, `Date_validation_evenement`) VALUES
	(1, 1, 1, '2024-03-11 15:39:46'),
	(2, 2, 2, '2024-03-11 15:39:56'),
	(3, 3, 3, '2024-03-11 15:40:04');

-- Listage de la structure de table fluck_damien_expi1a_rdvartiste_164_2024. t_validation_materiel
DROP TABLE IF EXISTS `t_validation_materiel`;
CREATE TABLE IF NOT EXISTS `t_validation_materiel` (
  `id_validation_materiel` int NOT NULL AUTO_INCREMENT,
  `Fk_personne_materiel` int DEFAULT NULL,
  `Fk_materiel_personne` int DEFAULT NULL,
  `Date_validation_materiel` timestamp NULL DEFAULT NULL,
  PRIMARY KEY (`id_validation_materiel`),
  KEY `Fk_personne_materiel` (`Fk_personne_materiel`),
  KEY `Fk_materiel_personne` (`Fk_materiel_personne`),
  CONSTRAINT `FK_materiel_personne` FOREIGN KEY (`Fk_materiel_personne`) REFERENCES `t_materiel` (`id_materiel`),
  CONSTRAINT `FK_personne_materiel` FOREIGN KEY (`Fk_personne_materiel`) REFERENCES `t_personne` (`id_personne`)
) ENGINE=InnoDB AUTO_INCREMENT=6 DEFAULT CHARSET=utf8mb4 COLLATE=utf8mb4_0900_ai_ci;

-- Listage des données de la table fluck_damien_expi1a_rdvartiste_164_2024.t_validation_materiel : ~5 rows (environ)
INSERT INTO `t_validation_materiel` (`id_validation_materiel`, `Fk_personne_materiel`, `Fk_materiel_personne`, `Date_validation_materiel`) VALUES
	(1, 1, 1, '2024-03-11 15:47:03'),
	(2, 2, 2, '2024-03-11 15:47:04'),
	(3, 3, 3, '2024-03-11 15:47:05'),
	(4, 1, 5, '2024-03-11 15:47:06'),
	(5, 2, 4, '2024-03-11 15:47:07');

/*!40103 SET TIME_ZONE=IFNULL(@OLD_TIME_ZONE, 'system') */;
/*!40101 SET SQL_MODE=IFNULL(@OLD_SQL_MODE, '') */;
/*!40014 SET FOREIGN_KEY_CHECKS=IFNULL(@OLD_FOREIGN_KEY_CHECKS, 1) */;
/*!40101 SET CHARACTER_SET_CLIENT=@OLD_CHARACTER_SET_CLIENT */;
/*!40111 SET SQL_NOTES=IFNULL(@OLD_SQL_NOTES, 1) */;
